{
  "excel_mtime": 1770660568.468786,
  "faculty_mtime": 1770660568.3527796,
  "created_at": 1770710179.7766252,
  "cache_size_mb": 36.81
}